{"cameraMode":{"drawMode":0,"name":"Shaded","section":"Shading Mode"},"sceneLighting":false,"audioPlay":false,"sceneViewState":{"showFog":true,"showMaterialUpdate":false,"showSkybox":true,"showFlares":true,"showImageEffects":true,"showParticleSystems":true},"in2DMode":false,"pivot":{"x":0.0,"y":0.5460000038146973,"z":-1.2269999980926514},"rotation":{"x":-0.11413881182670593,"y":0.8649430274963379,"z":-0.22853268682956696,"w":-0.4319938123226166},"size":2.3392786979675295,"orthographic":false}