{"cameraMode":{"drawMode":0,"name":"Shaded","section":"Shading Mode"},"sceneLighting":false,"audioPlay":false,"sceneViewState":{"showFog":true,"showMaterialUpdate":false,"showSkybox":true,"showFlares":true,"showImageEffects":true,"showParticleSystems":true},"in2DMode":false,"pivot":{"x":-0.18089592456817628,"y":0.565725564956665,"z":-1.0824337005615235},"rotation":{"x":-0.047171734273433688,"y":0.9306725859642029,"z":-0.12954992055892945,"w":-0.3388810157775879},"size":1.6264472007751465,"orthographic":false}